seconds,offered_rps,replicas,ready,desired,cpu_percent
0.0,5,2,2,2,4
5.4,5,2,2,2,4
10.6,5,2,2,2,4
15.8,5,2,2,2,4
21.0,5,2,2,2,6
26.2,5,2,2,2,6
31.6,100,2,2,2,6
37.3,100,2,2,2,14
43.1,100,2,2,2,14
48.5,100,2,2,2,14
53.9,100,3,2,3,84
59.4,100,3,3,3,84
64.9,100,7,3,7,460
70.5,100,7,3,7,460
76.0,100,7,7,7,460
81.4,100,10,7,10,495
87.0,100,10,7,10,495
92.4,100,10,10,10,495
97.7,100,10,10,10,428
103.0,100,10,10,10,428
108.4,100,10,10,10,428
113.9,100,10,10,10,127
119.5,100,10,10,10,127
125.0,100,10,10,10,84
130.4,100,10,10,10,84
137.6,100,10,10,10,84
143.1,100,10,10,10,79
148.5,100,10,10,10,79
154.0,100,10,10,10,79
159.6,100,10,10,10,119
164.9,100,10,10,10,119
170.3,100,10,10,10,93
175.6,100,10,10,10,93
180.9,100,10,10,10,93
186.2,100,10,10,10,83
191.5,100,10,10,10,83
196.9,100,10,10,10,83
202.3,100,10,10,10,75
207.7,100,10,10,10,75
213.0,0,10,10,10,75
218.2,0,10,10,10,72
223.4,0,10,10,10,72
228.7,0,10,10,10,72
233.9,0,10,10,10,64
239.1,0,10,10,10,64
244.4,0,10,10,10,11
249.6,0,10,10,10,11
254.9,0,10,10,10,11
260.1,0,10,10,10,5
265.4,0,10,10,10,5
270.6,0,10,10,10,5
275.8,0,10,10,10,4
281.1,0,10,10,10,4
286.3,0,10,10,10,4
291.6,0,10,10,10,4
296.8,0,10,10,10,4
302.0,0,10,10,10,4
307.3,0,10,10,10,4
312.5,0,10,10,10,4
317.8,0,10,10,10,4
323.0,0,10,10,10,4
328.3,0,10,10,10,4
333.5,0,10,10,10,4
338.7,0,10,10,10,4
344.0,0,10,10,10,4
349.2,0,10,10,10,4
354.4,0,10,10,10,4
359.7,0,10,10,10,4
365.0,0,10,10,10,4
370.2,0,10,10,10,4
375.4,0,10,10,10,4
380.7,0,10,10,10,4
386.0,0,10,10,10,4
391.3,0,10,10,10,4
396.5,0,10,10,10,4
401.8,0,10,10,10,4
407.0,0,10,10,10,4
412.2,0,10,10,10,5
417.5,0,10,10,10,5
422.7,0,10,10,10,5
428.0,0,10,10,10,4
433.2,0,10,10,10,4
438.4,0,10,10,10,4
443.7,0,10,10,10,4
448.9,0,10,10,10,4
454.1,0,10,10,10,4
459.3,0,10,10,10,4
464.5,0,10,10,10,4
470.1,0,10,10,10,4
475.4,0,10,10,10,4
480.7,0,10,10,10,4
486.0,0,10,10,10,4
491.2,0,10,10,10,4
496.4,0,10,10,10,4
501.7,0,10,10,10,5
507.0,0,10,10,10,5
512.2,0,10,10,10,5
517.4,0,10,10,10,4
522.6,0,10,10,10,4
527.8,0,10,10,10,4
533.1,0,2,2,2,4
538.3,0,2,2,2,4
